{
  "dimensions": {
    "minecraft:overworld": {
      "type": "minecraft:overworld",
      "generator": {
        "type": "minecraft:noise",
        "settings": "minecraft:overworld",
        "biome_source": {
          "type": "minecraft:fixed",
          "biome": "biomesoplenty:wasteland"
        }
      }
    },
    "minecraft:the_nether": {
      "type": "minecraft:the_nether",
      "generator": {
        "type": "minecraft:noise",
        "settings": "minecraft:nether",
        "biome_source": {
          "type": "minecraft:multi_noise",
          "preset": "minecraft:nether"
        }
      }
    },
    "minecraft:the_end": {
      "type": "minecraft:the_end",
      "generator": {
        "type": "minecraft:noise",
        "settings": "minecraft:end",
        "biome_source": {
          "type": "minecraft:the_end"
        }
      }
    }
  }
}
